title,id
GW170809 082821 spins,1-8UGmF0Wwc
GW200208 130117 spins,4KfJu5V1pbc
GW190413 052954 spins,6KbC-diJG8s
GW200112 155838 spins,7IzZOO2EmRg
GW190929_012149 spins,B1KbPtSxBJY
GW190727 060333 spins,Clw4i5HvnTg
GW200220 061928 spins,E9ggELNCUfY
GW200216 220804 spins,EjEFeqATjN0
GW190803 022701 spins,H0IFv1_3dgQ
GW190915 235702 spins,HUEFLfcREIM
GW200209 085452 spins,K-_3tZzLeuQ
GW190513 205428 spins,KoFhhtxjhSs
GW190630 185205 spins,KzYquG7KHTs
GW190513_205428 spins,L0JQRBbOiIA
GW200219 094415 spins,L64HfxVP78k
GW190521_074359 spins,OmJPBClHhAs
GW190916 200658 spins,OnmWZm4JXZQ
GW170818 022509 spins,PcyQDShgt70
GW190805 211137 spins,RWYEYlPOl14
GW190701 203306 spins,RfGek4fHGyE
GW191109 010717 spins,Rw7g8P62pns
GW190602 175927 spins,StxLI3RmJWg
GW190828 063405 spins,T5rIWwO8AeA
GW200311_115853 spins,WdV3P9W-77Y
GW200302 015811 spins,XEyxjzm-bkE
GW190503 185404 spins,Y4BB7mApQNA
GW200129 065458 spins,YYkKdNI9K58
GW200224 222234 spins,ZxHoL64dmoM
GW150914_095045 spins,csS1khRAbZ0
GW190706 222641 spins,d2IhKa7uWc0
GW190521 030229 spins,g__34yJhHy8
GW200302 015811 spins,gcC2MgNprCE
GW190910 112807 spins,i1KWF9Lq8Y4
GW190527 092055 spins,inQOyNbM83I
GW200220 124850 spins,jYYU4LvjRM4
GW190731 140936 spins,jyrlH_Onzvo
GW200311 115853 spins,k5Y9q400tRo
GW191222 033537 spins,kSO3mRQhPBY
GW200311 115853 spins,lS51_CMgbM0
GW190514 065416 spins,m17HHOqI6Y4
GW190521 074359 spins,mKVe5Iq54go
GW190926 050336 spins,nZnJYNDykGU
GW170823 131358 spins,s8p_scQWNYk
GW190929 012149 spins,uYM0ecOuniM
GW191230 180458 spins,voNbqDkNceU
GW190929_012149 spins,z8YYSXLtyL0
GW190517 055101 spins,zECKj-9ph94
GW200128 022011 spins,zJzukPIhJog
GW190620 030421 spins,zpvDh_-wbZI
GW190519 153544 spins,zxLzMWkWsHo
GW170729 185629 spins,F8GFaRfh10I
GW190426 190642 spins,ecr94FtWxAA
GW190413 134308 spins,jxtHAokMkK8
GW190421 213856 spins,myQijC21raw